row ID,row m/z,row retention time,Beer_multibeers_2_T10_POS.mzML filtered Peak area,Beer_multibeers_19_T10_POS.mzML filtered Peak area,Beer_multibeers_5_T10_POS.mzML filtered Peak area,
1,104.10697174072266,0.54914,6.414068695029372E7,0,0,
2,126.05496215820312,0.5389533333333334,1.19891159371975E8,0,0,
3,338.3414764404297,0.7970766666666667,7.607002236164999E7,0,6.93584856233625E7,
4,118.08624267578125,0.6964450000000001,2.5289826500068754E7,0,0,
5,144.06556701660156,0.587635,2.4178802153828125E7,0,0,
6,274.2737630208333,0.7963572222222223,1.1818682793229684E7,1.1668824383811718E7,9050144.883570312,
7,125.07097625732422,0.530945,1.3090210388834381E7,0,0,
8,158.12878926595053,0.8497438888888889,1.005170134319062E7,6772234.781311718,797261.9880000491,
9,163.13281758626303,0.711611111111111,9709668.515231248,8870138.032746095,6077966.687673437,
10,136.1121063232422,0.5908825,9326371.818366405,2.6855223673953123E7,0,
11,127.05829620361328,0.6964450000000001,7709906.670214844,0,0,
12,391.283935546875,0.6089133333333333,6165800.291835936,4120160.521553907,4245117.156361329,
13,102.12773132324219,0.9709233333333334,6443933.411259376,0,0,
14,114.09135182698567,0.8564977777777778,6300711.4604445305,5670912.057475778,5270338.914485157,
15,244.19058990478516,0.8612225,6267073.284009375,5445877.451935938,0,
16,86.0963846842448,0.8900072222222223,5187962.875482032,2164952.4911595704,1818094.2154066407,
17,127.0389633178711,0.587635,5301068.795987501,0,0,
18,154.11370849609375,0.9535024999999999,4381546.623747658,0,796189.7564605956,
19,181.13346099853516,0.8998508333333333,5045003.232539061,1221471.597204785,0,
20,152.15655008951822,0.9766844444444445,3963586.5774246086,1484873.1601539056,717198.0235372557,
21,173.09213256835938,0.8977316666666667,5343868.649776563,0,0,
22,100.07565307617188,0.5326658333333334,4937482.539470701,4012371.479047655,0,
23,234.9176991780599,0.953828888888889,4326562.818284767,4951846.7037480455,3381572.599153906,
24,180.08670043945312,0.5389533333333334,3869376.673944532,0,0,
25,310.31024169921875,0.8574744444444443,3322550.8330015624,1836141.5872031252,3043508.539949413,
26,144.92745208740234,0.783025,3761432.2435124996,1.936288154128438E7,0,
27,215.1026382446289,0.6161700000000001,4228150.059754686,0,3273499.8662124993,
28,105.04232025146484,0.7276483333333333,2548247.6439650394,0,636313.7947987306,
29,336.3258514404297,0.7164775,3172177.3530464843,0,2756925.1269738274,
30,212.09538777669272,0.6010072222222221,3931254.4704710953,3313109.374446094,3106218.986666406,
31,239.1388956705729,0.6320233333333333,3728274.5168375,2115546.6001042966,2846394.3053160165,
32,291.6648864746094,0.9435783333333333,3228757.0594294933,0,0,
33,117.07394409179688,0.52299,3757756.6188039067,0,0,
34,132.10189310709634,0.8929100000000001,3841109.981521874,5694834.771331248,4176847.9078960936,
35,149.02001953125,0.6746194444444443,3316201.368467968,9545627.96631328,3136155.6594250016,
36,199.1077423095703,0.587635,3311007.5993792964,0,0,
37,170.1174774169922,0.758165,3156250.83689961,2656134.3441281253,0,
38,163.07945251464844,0.772765,2993699.466124218,0,0,
39,209.0921173095703,0.9435783333333333,3129390.799072657,0,0,
40,127.08655166625977,0.5180408333333333,2978039.3943300797,2533734.613563867,0,
41,414.3210957845052,0.8298094444444444,3088563.3933023447,2723723.8430679683,2197512.1772460938,
42,458.3473815917969,0.6964450000000001,3021232.8667031247,0,0,
43,139.05014038085938,0.9324250000000001,2879767.965653124,0,0,
44,213.12330627441406,0.7418611111111111,3070645.38138711,2348396.8050023434,1990963.1075605478,
45,96.04435348510742,0.7845883333333334,2980018.554107031,0,1986338.0884726564,
46,306.1685028076172,0.8473175,2524854.9803562495,0,1789424.0170520514,
47,130.0498504638672,0.6261008333333333,2232531.7618064447,0,1160383.83106123,
48,229.19891357421875,0.6501633333333332,2775431.7562275385,2033188.2880039064,0,
49,140.0706787109375,0.8090733333333334,2565386.257689648,0,0,
50,237.91107940673828,0.8484683333333334,2555755.998463672,3474185.743676952,0,
51,419.3153076171875,0.8450883333333333,2330934.8570236317,0,1757573.882413672,
52,114.05497741699219,0.6781716666666666,2577476.969925977,0,1623027.6611285156,
53,164.06680297851562,0.8322025,2408109.303784961,2054582.043013477,0,
54,146.06005096435547,0.5781358333333333,2477598.3143892568,0,3735216.294922656,
55,107.07026672363281,0.6964450000000001,2124267.0748455077,0,0,
56,340.3481140136719,0.9414308333333333,1919109.0980162113,0,1707996.0263317383,
57,186.07611083984375,0.7203008333333333,2328171.0367355463,1776545.6817488286,0,
58,291.14527384440106,0.8972638888888889,2227706.4418496094,1734400.0546677737,2128521.7854292975,
59,199.16927337646484,0.7138975000000001,1897076.3090271968,0,1972193.2036822264,
60,124.03932189941406,0.8090733333333334,2111524.0530070313,0,0,
61,112.050537109375,0.6746700000000001,1712005.9447719723,0,0,
62,182.08126831054688,0.7319308333333333,1746343.8152683596,0,1162611.680554004,
63,186.1488265991211,0.6959725,2185770.0959626953,0,1515028.63794668,
64,139.0866241455078,0.5544608333333333,1965352.2537310547,0,1810170.6738408203,
65,267.1716003417969,0.5695416666666666,1869964.128927344,0,0,
66,100.11203002929688,0.8015525000000001,2094773.3084755852,2071096.871136133,0,
67,113.0709228515625,0.8754116666666667,2103843.7076816405,0,0,
68,137.9839630126953,0.862985,1786366.073240918,0,0,
69,156.1382827758789,0.6290333333333333,1806335.2932193358,0,1440519.2781890621,
70,502.37367757161456,0.7877927777777778,1856026.383507812,1724422.548254491,1342818.6366403324,
71,157.16983032226562,0.9424891666666666,1567060.5188841799,1834642.139311523,0,
72,216.1230010986328,0.7618041666666666,1778470.5521308589,1729789.3561717763,0,
73,413.2660827636719,0.689385,1947874.939328711,0,0,
74,102.05495198567708,0.6783966666666666,1820139.2639550783,1422917.9096318365,1272309.567214649,
75,169.13357543945312,0.9683883333333334,1495984.3435891601,0,1502943.3083904297,
76,201.08700942993164,0.6128100000000001,1505899.616108106,1364120.54579082,0,
77,246.09715270996094,0.7062566666666666,1607439.9839826168,0,0,
78,158.1175765991211,0.7366355555555556,1490070.2760044918,1382906.802972656,1037719.8973029298,
79,137.0709686279297,0.7513591666666667,1546602.3668718752,1187300.7110392577,0,
80,360.3233642578125,0.628215,1580247.2675800784,0,1145200.7246232422,
81,314.2687683105469,0.7988866666666666,1530026.4528375973,0,0,
82,196.09689331054688,0.5976305555555556,1551280.360935351,1189826.5923111332,892721.3933488278,
83,265.1545104980469,0.8294733333333333,1534473.3499924317,0,0,
84,172.09683227539062,0.5364808333333333,1618162.2826470705,1905372.3482482417,0,
85,269.1131134033203,0.6895416666666667,1616078.0661388673,0,909279.2113968751,
86,190.107421875,0.50634,1504666.1860872556,0,0,
87,142.08629608154297,0.8214861111111111,1423153.6699543456,1288268.3237760742,1168311.0919720705,
88,229.1182098388672,0.9435783333333333,1635420.8465351553,0,0,
89,153.0657196044922,0.9324250000000001,1372577.868511133,0,0,
90,211.16924540201822,0.7307477777777778,1475488.3807435539,933565.6764270508,1365091.4042313476,
91,176.0917205810547,0.5133433333333334,1443984.274844825,0,0,
92,200.09176635742188,0.8090733333333334,1657668.0773837888,0,0,
93,120.10190963745117,0.9599616666666666,1347192.3145378905,0,958041.6041687499,
94,140.95902252197266,0.6918108333333333,1304380.3531629394,308357.09010058583,0,
95,169.07596588134766,0.9350125,670432.6557062009,0,330432.7581765625,
96,675.6753234863281,0.8353566666666666,1340014.1740904788,0,795296.4235880375,
97,225.1890106201172,0.6347499999999999,1095265.9669059569,0,477357.70668271487,
98,259.1286214192708,0.6339977777777778,1317601.114091699,1298909.3574167972,794492.4855435545,
99,197.09209823608398,0.7671675,1356865.2127811527,1191270.087097461,0,
100,280.26319376627606,0.6892238888888889,1175440.3810822268,605537.3334676763,984922.5395320309,
101,180.04437255859375,0.7329966666666666,1199262.0873262696,0,0,
102,343.2952194213867,0.8378058333333334,1231549.7187805662,896397.4641321289,0,
103,212.16455078125,0.9709233333333334,1344982.192244141,0,0,
104,130.06512451171875,0.9856883333333334,1284743.8422131832,0,0,
105,227.10255432128906,0.587635,1210011.5038818358,0,0,
106,532.4391479492188,0.8296358333333334,1178683.88789375,409825.9187520508,0,
107,282.27879842122394,0.8074177777777777,985527.5252501954,388113.2945267092,887727.312662305,
108,193.15872192382812,0.7341191666666667,1075995.9308655763,684251.7525623051,0,
109,160.06048583984375,0.64734,1157522.818032178,0,556165.6241552737,
110,109.07603454589844,0.8188066666666667,1309569.9663004884,1192717.7293005863,951798.8140952152,
111,256.2995910644531,0.8431633333333333,970983.2071994141,908637.3367041013,0,
112,98.09642028808594,0.9925083333333333,953774.4283468259,0,0,
113,251.1599884033203,0.8396433333333333,1244150.6260405278,0,0,
114,86.06000137329102,0.6729433333333333,1155223.455996143,0,1103332.9806303706,
115,111.1168212890625,0.7076766666666666,771055.2039533692,501698.1623438476,0,
116,447.346435546875,0.7350208333333333,1025081.3754953126,0,739133.9405124022,
117,156.06539916992188,0.5571116666666666,1126166.4163655762,0,0,
118,128.08177185058594,0.720935,1101952.7932816895,0,658532.8556301269,
119,304.24806722005206,0.7446738888888889,726352.4772321287,559856.9514965332,508898.84759677714,
120,252.1089096069336,0.8080274999999999,1253884.3939890624,992323.6082632812,0,
121,128.1069793701172,0.6451600000000001,960044.2515616213,0,0,
122,282.1185607910156,0.595575,1220362.5247943846,0,0,
123,116.05285263061523,0.822465,1162250.5595850584,0,1052653.8136625974,
124,348.1790466308594,0.790875,657716.8071985841,0,0,
125,183.11280822753906,0.7547261111111112,1189296.3674072265,1148238.7829554686,947816.1257123048,
126,242.17486953735352,0.7055616666666666,899340.9653297362,823239.0650458985,0,
127,122.00626754760742,0.8331558333333333,994952.9029106932,639216.9212903319,0,
128,167.11797332763672,0.6956191666666667,1119749.3073609371,0,710911.5383562011,
129,163.06007385253906,0.7397183333333334,876201.4994714353,0,477414.1486900879,
130,227.15016555786133,0.7573441666666667,954433.7430780763,2645918.98265586,0,
131,219.1492462158203,0.9709233333333334,643764.8957123047,0,0,
132,121.03966903686523,0.8520383333333332,1051426.8800927245,0,939603.4049745118,
133,215.13904571533203,0.7419308333333333,1183209.1480707026,0,771756.4392049316,
134,278.24757385253906,0.9206433333333333,890658.5975855463,0,748815.7007621095,
135,145.0971654256185,0.7650472222222223,860964.5922479002,805932.9339572755,1024384.2396251955,
136,287.2213897705078,0.5097149999999999,655622.4878553221,0,610435.0874684572,
137,270.19215393066406,0.8484608333333333,1046166.7575762692,0,348319.44361464825,
138,239.10250345865884,0.7755155555555556,710946.2268284182,574206.2021897949,433898.7438661624,
139,94.04507446289062,0.7326033333333333,622929.7033814937,480290.7709748051,0,
140,546.3997294108073,0.9624566666666666,827518.9726095698,885167.6049461913,668942.2202925782,
141,230.10220336914062,0.5465033333333333,962429.6607262208,0,365602.67739257816,
142,190.07097625732422,0.9491149999999999,803263.9905873049,0,390287.24248320295,
143,184.0579605102539,0.6047675,692489.0954416505,0,319457.59960610355,
144,91.05409240722656,0.9812316666666666,817789.0366396977,0,0,
145,383.39918009440106,0.71238,750685.1683782715,4920214.550281642,1019452.861461133,
146,198.1852798461914,0.9396408333333334,871967.1218416014,0,733650.692619922,
147,441.29710388183594,0.9154783333333334,815149.6642571779,0,638387.8765589846,
148,111.04403686523438,0.7383216666666667,1006324.3205793943,534321.9770329102,0,
149,191.08141708374023,0.5162916666666666,976057.6292729978,757843.065570557,0,
150,260.11265563964844,0.7341908333333333,853031.1204041503,0,319101.9842283205,
151,302.30518595377606,0.5831533333333333,616898.4296188477,525685.9544791015,453658.5023393555,
152,159.1127166748047,0.8294733333333333,629780.867865869,0,0,
153,96.95728302001953,0.8525325000000001,863190.5790847167,0,643822.7726014162,
154,390.3127695719401,0.8674266666666667,657618.7280024413,415052.1993014649,551065.3269464356,
155,337.3291778564453,0.8568533333333334,658171.5714877439,312092.06577563495,0,
156,229.17974853515625,0.8551255555555555,619273.1239541506,351026.4183135254,651550.9948091309,
157,292.1661376953125,0.7134241666666667,499661.9323682128,706456.3417557612,0,
158,256.2268371582031,0.6711475,841781.1858176269,746844.9885298832,0,
159,121.96611022949219,0.6025400000000001,775117.6259363769,0,1075110.78111582,
160,216.1958465576172,0.7527722222222222,527676.5385184084,393149.28600859345,372014.17587075173,
161,245.1938934326172,0.5484366666666667,761950.9939243164,713103.3706741208,0,
162,288.14849853515625,0.7548525,955947.544234277,0,562522.921098584,
163,150.112548828125,0.6471366666666667,848175.4290295411,874296.8744678712,0,
164,159.13204956054688,0.7240833333333333,595633.5147055177,0,0,
165,274.1393127441406,0.6746700000000001,420974.639285547,0,0,
166,288.10740661621094,0.7055066666666666,642032.0639311034,378229.16624819336,0,
167,136.9497528076172,0.9435783333333333,361019.00206162117,0,0,
168,183.1016082763672,0.548135,408928.9289860352,0,376172.87463706045,
169,99.04401016235352,0.6228175,523987.2537257324,0,303727.0122968261,
170,141.0509033203125,0.6930375,802776.4063158206,0,697112.5048994143,
171,311.3135070800781,0.50634,526563.769084326,0,0,
172,200.128173828125,0.5351008333333332,773618.3257661132,0,485375.8629895019,
173,232.11776733398438,0.52299,670210.6242544434,0,0,
174,403.23223876953125,0.864155,629404.2796832029,0,475308.21008823253,
175,329.00502014160156,0.7355,583956.3948663089,418572.3253911133,0,
176,253.1279182434082,0.8626691666666666,810553.6556199217,675646.3438579104,0,
177,357.1842346191406,0.8815008333333333,359337.4481262206,1817262.400201368,0,
178,194.0811309814453,0.88455,721067.8219103514,609829.2171285158,0,
179,850.7830403645834,0.6545794444444445,685646.9382400878,1342247.2318974612,609615.296488916,
180,334.3102264404297,0.8351391666666667,612734.5059911134,0,663248.5782664064,
181,203.10269165039062,0.8090733333333334,700697.217609082,0,0,
182,261.1211853027344,0.50634,569445.633574365,0,0,
183,824.7672119140625,0.8977316666666667,515641.9356433105,0,0,
184,459.35035705566406,0.8719041666666667,716173.3603293457,0,567313.2678227053,
185,420.31878662109375,0.9614066666666666,488605.582587207,0,0,
186,180.06548309326172,0.8166225,323206.8199148924,0,280926.15427709953,
187,106.08624013264973,0.9309383333333333,687800.9636405279,682319.3470053223,485553.6315388184,
188,218.93640899658203,0.587635,615216.4891672853,0,0,
189,172.15255737304688,0.8505566666666666,553561.5538959962,0,0,
190,424.3626480102539,0.7510508333333333,701731.9011210939,601770.2134608397,0,
191,676.6778564453125,0.548135,420602.0706659179,0,278111.82774003915,
192,369.38348897298175,0.812633888888889,518373.99965239264,526241.1011615235,467211.69564106443,
193,388.29718017578125,0.7455408333333333,551503.1951469727,0,544035.483669971,
194,278.9028625488281,0.5373908333333334,377392.0800257814,0,310442.24755473627,
195,142.9481201171875,0.6632883333333334,506233.057612549,0,0,
196,268.8929901123047,0.9471325,513408.9390769042,0,434998.5866619141,
197,210.07608795166016,0.830705,592329.1806260253,0,259543.13502246092,
198,380.33665466308594,0.7739149999999999,427698.4515295898,504917.17550834967,0,
199,293.16070556640625,0.9925083333333333,395419.6108158691,0,0,
200,431.3839569091797,0.6479891666666666,537311.0497421874,4537467.724549216,0,
201,318.9000701904297,0.9087133333333333,369570.96483691415,0,303837.5160654786,
202,902.8134358723959,0.8189216666666667,428396.29488330096,658004.2958203611,411439.6906320313,
203,300.2015380859375,0.8526608333333333,400122.6606310546,417570.3836285157,0,
204,215.09152221679688,0.8505566666666666,413379.7373389158,0,0,
205,197.08087158203125,0.862985,348110.38377763686,0,0,
206,242.2113037109375,0.862985,514133.7455848144,0,0,
207,228.0867156982422,0.9555733333333334,455363.07075961883,0,0,
208,186.09329986572266,0.5237025,733447.7900385741,1120292.3099673826,0,
209,191.1542510986328,0.6746700000000001,436494.8590636718,0,0,
210,114.06620025634766,0.841815,676826.1969952149,507419.0049653321,0,
211,227.1641845703125,0.8178791666666667,347073.02204389626,0,260541.18738310566,
212,836.7671407063802,0.6262072222222222,574756.0071743655,957542.9542039551,519149.19624438504,
213,160.0968780517578,0.8556341666666667,469505.6084155272,634433.781068164,0,
214,226.10733032226562,0.92351,628444.2994266602,0,0,
215,99.05528259277344,0.7562166666666666,265477.46631938487,0,0,
216,453.2156677246094,0.8754116666666667,402304.5320925295,0,0,
217,413.2123718261719,0.6799116666666667,297558.13820556644,0,0,
218,176.10696411132812,0.9435783333333333,411612.705176172,0,0,
219,124.08695983886719,0.7566083333333333,457641.9645265136,0,567783.8494015626,
220,146.16529846191406,0.917645,255893.90601030283,0,0,
221,98.98413467407227,0.8131241666666666,459788.3574500002,0,691291.0024107422,
222,219.11272430419922,0.6346533333333333,325938.1192992188,0,231945.7625034667,
223,188.1281280517578,0.52299,352895.1307220213,0,0,
224,213.15969848632812,0.6801591666666666,486404.80720722664,0,336040.33669399406,
225,257.2220916748047,0.8515508333333334,326689.49157744145,587614.7131367187,0,
226,370.3312683105469,0.8597,271213.9112925781,0,272829.65126000985,
227,284.2944793701172,0.6672275,425572.18808383786,0,464615.40847548837,
228,147.1240692138672,0.8493225,342836.4150193847,370318.3765138672,0,
229,324.2894592285156,0.665725,350236.0984703614,0,290345.1469177733,
230,168.13836669921875,0.5571116666666666,335993.80044711905,0,0,
231,681.4818115234375,0.6451600000000001,373152.42604980484,0,0,
232,174.11244201660156,0.8274277777777779,289742.80763828114,331992.5138831542,448110.3218371094,
233,796.7366333007812,0.5611038888888888,432095.8632054687,473301.23939726566,266518.4093356445,
234,164.10702514648438,0.7616200000000001,337003.28683964856,0,0,
235,375.9372863769531,0.6030941666666667,306222.2183526368,0,312620.44318330084,
236,421.20751953125,0.7062566666666666,332696.3276061522,0,0,
237,368.3154754638672,0.7258858333333333,383666.2705161622,376526.37816909165,0,
238,269.2109680175781,0.745065,263266.89969350595,0,0,
239,196.1332244873047,0.7151700000000001,293673.13953022443,0,0,
240,876.7978820800781,0.7492858333333333,477647.6943054685,0,469697.301110498,
241,254.21118927001953,0.8175683333333335,426345.6537983399,0,418762.0046582517,
242,452.88036346435547,0.6493583333333333,313720.0227651858,0,339561.6381854981,
243,794.7208557128906,0.6272505555555556,348371.180520215,397083.7595946777,279192.47513232403,
244,595.144287109375,0.9856883333333334,244693.59496191415,0,0,
245,512.4154052734375,0.8396433333333333,297166.06639545894,0,0,
246,350.3051300048828,0.5109891666666667,240346.53813032227,0,262722.7590169921,
247,169.0859375,0.52299,339466.9666288087,0,0,
248,237.1232147216797,0.7107116666666666,369040.1160090821,0,0,
249,171.1016845703125,0.745065,251253.28554980463,0,0,
250,287.1236572265625,0.52299,350726.23002998036,0,0,
251,272.221435546875,0.9925083333333333,253582.47697138664,0,0,
252,144.13841247558594,0.7062566666666666,339809.7792596191,0,0,
253,297.24212646484375,0.7285416666666666,269100.04515126935,0,0,
254,145.08401489257812,0.9030766666666667,214899.0927697754,0,0,
255,192.1018524169922,0.8826033333333334,343657.7349730957,0,0,
256,175.14820098876953,0.6966533333333333,450746.85616796865,0,666177.5401587893,
257,204.11858113606772,0.6060744444444445,322065.9832700194,584697.3504813475,1086434.579559473,
258,272.2580108642578,0.8354408333333334,271352.0514813964,0,329143.9918041015,
259,95.08549499511719,0.917645,339658.59915156267,0,0,
260,158.09644317626953,0.8050483333333334,259763.68691606418,0,346981.972447998,
261,189.10215759277344,0.745065,242960.96717622093,0,0,
262,252.0863494873047,0.9435783333333333,252065.40106909184,0,0,
263,177.06581115722656,0.8396433333333333,261781.37559843747,0,0,
264,240.1423797607422,0.9435783333333333,313809.1748695312,0,0,
265,102.06624603271484,0.5571116666666666,251314.36121157225,0,0,
266,244.1177520751953,0.9555733333333334,194050.6461286621,0,0,
267,342.1390686035156,0.9555733333333334,239012.28242661126,0,0,
268,203.0814666748047,0.7240833333333333,210650.69590439458,0,0,
269,145.0279197692871,0.7641666666666667,270562.47360659187,446411.868929736,0,
270,152.10693359375,0.9827283333333334,0,4.587256138066E8,0,
271,144.98211669921875,0.8754408333333334,0,1.58010294947925E8,7.521178139278753E7,
272,146.98028564453125,0.7953366666666667,0,7.032014625083752E7,0,
273,207.15908813476562,0.7953366666666667,0,6.407679192168747E7,0,
274,177.1021957397461,0.54686,0,3.617708999607499E7,4.5758772554175E7,
275,128.95343017578125,0.9474166666666667,0,3.4415430603893735E7,0,
276,131.1291046142578,0.9474166666666667,0,2.8295994920337502E7,0,
277,235.91285705566406,0.705095,0,1.5953969639935935E7,0,
278,291.1630401611328,0.9556008333333333,0,1.4091863067890624E7,1.17607280742375E7,
279,112.08688354492188,0.9627183333333333,0,1.517500851781719E7,9843077.140845316,
280,113.10726928710938,0.941485,0,1.277409776709218E7,0,
281,122.0680923461914,0.941485,0,1.1486680464507816E7,0,
282,339.3449401855469,0.7434525000000001,0,9330724.646732032,1.5813292975254687E7,
283,139.12294006347656,0.9335283333333333,0,8102105.377015623,0,
284,115.12296676635742,0.9106016666666666,0,7831436.1119890595,1386321.0929124998,
285,337.18675231933594,0.9461175,0,8210229.187179688,6792581.456246095,
286,166.12262725830078,0.8754408333333334,0,7018300.595578126,4830315.647539844,
287,145.98545837402344,0.91934,0,6503053.252317968,0,
288,167.15426635742188,0.8463775,0,6719782.721347656,1415191.8125476562,
289,151.09648895263672,0.6577474999999999,0,6778631.557143751,6738615.657255468,
290,95.06033706665039,0.8413416666666667,0,5001389.267957812,3617450.1689031255,
291,226.18002319335938,0.8948575000000001,0,5343740.139792187,6771060.698344537,
292,184.9199447631836,0.859645,0,4856506.129729687,499962.31341914064,
293,160.9013214111328,0.51646,0,4378213.471984767,0,
294,103.955322265625,0.90964,0,4502544.904159766,2776968.475576173,
295,151.01162719726562,0.7191591666666667,0,4342841.200503515,519092.06206376944,
296,139.01785278320312,0.8398366666666667,0,4339365.423942577,2922903.008714453,
297,178.1054916381836,0.7281825,0,3790504.093191406,4874984.893161328,
298,250.8914794921875,0.9474166666666667,0,3993841.0989937508,0,
299,149.0709686279297,0.7783616666666667,0,3846963.7031777343,3817869.0987542975,
300,146.0811309814453,0.78077,0,3743181.4958531237,2624385.493187499,
301,353.1816711425781,0.5238216666666667,0,3351573.619486328,0,
302,111.0916519165039,0.686785,0,3195452.4752578116,0,
303,132.1494903564453,0.941485,0,3499316.127354297,0,
304,254.160888671875,0.7406025,0,3319907.4769746084,2094805.6196419923,
305,195.12271118164062,0.9514808333333333,0,2637724.4529027347,1911360.9934494144,
306,130.09747314453125,0.8157016666666668,0,3090911.539451954,0,
307,167.08145141601562,0.5238216666666667,0,2774549.0823457036,0,
308,246.24253845214844,0.9827283333333334,0,1983032.0635525389,0,
309,273.2533416748047,0.7312566666666667,0,2496159.8417582023,230607.249162793,
310,180.1018295288086,0.9535791666666666,0,2534716.4436363266,1668314.69442168,
311,137.11137771606445,0.6240783333333333,0,2568147.1576496083,604884.2134427733,
312,180.13819885253906,0.5238216666666667,0,2249136.447704296,0,
313,214.18003845214844,0.5746466666666666,0,2152704.2393267583,0,
314,352.3207092285156,0.7953366666666667,0,2254638.8511033216,0,
315,218.21136474609375,0.6675266666666667,0,2216743.7007232415,0,
316,168.0654754638672,0.7195458333333333,0,2421262.310474415,1779805.4335320315,
317,125.1073112487793,0.7413025,0,2160719.1349353506,1507333.028905664,
318,370.29486083984375,0.8582416666666667,0,1900848.348068945,0,
319,197.13967895507812,0.7530699999999999,0,1954262.0919501956,0,
320,142.1226806640625,0.8519841666666665,0,1960566.4135613283,1779860.4248765623,
321,708.5103454589844,0.7193375,0,1948483.9289761716,563000.9384015138,
322,145.04946899414062,0.7155241666666667,0,1387486.9146553716,1040044.4704635742,
323,170.08114624023438,0.5397616666666667,0,1953498.0816845698,0,
324,255.05504608154297,0.9430541666666667,0,1372903.6177516598,553860.264143994,
325,172.11550903320312,0.7915391666666667,0,1869001.4722599613,1539972.46393457,
326,159.16030883789062,0.7120599999999999,0,1688143.3812083984,0,
327,158.1538848876953,0.768475,0,1571538.0886902348,1687693.173247461,
328,200.1644287109375,0.705095,0,1781337.5280503903,0,
329,241.11807250976562,0.5051366666666667,0,1638833.1489558595,0,
330,197.12844848632812,0.5051366666666667,0,1539666.1897322263,0,
331,118.06507110595703,0.941485,0,1603529.8152228512,0,
332,226.118408203125,0.5051366666666667,0,1586543.395177343,0,
333,171.07635498046875,0.9684666666666666,0,1457950.1219420894,0,
334,159.1491241455078,0.9827283333333334,0,1735714.041601465,0,
335,290.8839111328125,0.7218699999999999,0,1820509.9864792968,0,
336,97.99129867553711,0.9368525000000001,0,1673786.8629173825,1652149.6065583986,
337,144.08079528808594,0.9738133333333334,0,1395250.2799521484,0,
338,112.03927612304688,0.8033708333333334,0,1201157.391186133,1004539.3451051763,
339,88.11204147338867,0.9335316666666666,0,1163684.4290440425,834199.3120415526,
340,146.92550659179688,0.5238216666666667,0,1316061.0213349606,0,
341,223.10760116577148,0.6707908333333332,0,1323294.3939460942,1114432.979461133,
342,204.0866470336914,0.6504591666666666,0,1274457.423946679,706130.4908177245,
343,143.1542510986328,0.838295,0,1321137.3389094726,0,
344,198.11245727539062,0.5261775,0,1328927.5449240233,1013276.1709031248,
345,338.1900939941406,0.705095,0,1367376.7572563472,0,
346,90.05493927001953,0.6675266666666667,0,1064184.0331420896,0,
347,184.1808319091797,0.7120599999999999,0,1320871.2434042965,0,
348,112.07565307617188,0.8015558333333334,0,1283223.0794844725,1074696.5284697267,
349,141.06576538085938,0.53182,0,1313842.8762880866,0,
350,96.08072662353516,0.8280783333333334,0,1123961.963238867,0,
351,142.04979705810547,0.705095,0,1257200.4158744132,0,
352,194.1004524230957,0.6925858333333333,0,1149018.2090643554,1627541.8405660146,
353,141.10215759277344,0.6682291666666667,0,1062583.4796528807,2374419.714905469,
354,190.12594604492188,0.9584808333333333,0,1181872.4139904294,834961.2197503903,
355,134.06336212158203,0.870725,0,1145747.1885291997,765126.9521366209,
356,103.05413818359375,0.9827283333333334,0,1033672.2176255856,0,
357,145.0688934326172,0.7307849999999999,0,1007282.6746358395,0,
358,184.1332244873047,0.6924866666666667,0,1141711.4151407229,905298.2382894532,
359,822.7527465820312,0.6083725,0,1067993.3842114257,680114.3523743653,
360,134.08110809326172,0.5091141666666668,0,962062.5072722659,753462.8551419434,
361,284.15516662597656,0.9047833333333333,0,880829.4942896974,0,
362,277.1608581542969,0.7609933333333333,0,596944.0098001955,0,
363,324.8453826904297,0.9961,0,889657.9487816405,0,
364,124.07568359375,0.6792933333333333,0,1021380.7326012696,751987.9398063477,
365,234.07672119140625,0.51646,0,910362.5717989256,0,
366,154.99017333984375,0.9614683333333333,0,998263.3936663086,0,
367,214.10731506347656,0.9047833333333333,0,1097732.3235126953,0,
368,372.1893844604492,0.7998508333333333,0,600300.9655356447,575387.5219603026,
369,217.11173248291016,0.8480416666666667,0,946400.6818097658,0,
370,437.34507751464844,0.6773283333333333,0,1026964.2900282223,0,
371,209.1535415649414,0.8527008333333332,0,1005044.6765601564,1214844.0080816403,
372,273.13426208496094,0.8361916666666667,0,1068573.3410596675,1685915.7473945308,
373,334.873779296875,0.5622016666666667,0,901918.8164465817,0,
374,251.18517303466797,0.73657,0,706631.2489341308,549576.8832682129,
375,202.92160415649414,0.807115,0,960156.7192757811,1127103.2795771484,
376,162.92893981933594,0.9335283333333333,0,494570.2929153807,0,
377,838.7811279296875,0.8157016666666668,0,725062.6324843751,0,
378,263.08123779296875,0.5622016666666667,0,567416.3825395508,0,
379,327.00767517089844,0.8157016666666668,0,692390.3339966307,0,
380,168.1018829345703,0.9335283333333333,0,843598.6286064945,0,
381,257.05322265625,0.9246133333333333,0,598442.1284970703,0,
382,354.33619689941406,0.9246133333333333,0,911844.7726335941,0,
383,438.37818908691406,0.7973258333333333,0,707005.0552526369,583841.134239844,
384,250.17755889892578,0.5848183333333333,0,856973.0067406736,0,
385,155.11772918701172,0.705095,0,801489.2138683103,0,
386,322.84715270996094,0.838295,0,656321.3495896972,0,
387,448.28990173339844,0.7530699999999999,0,696401.6129004883,0,
388,138.05494689941406,0.9079975,0,934499.8691679687,812263.9985906248,
389,406.27928161621094,0.6104033333333334,0,878065.7953259277,0,
390,186.9439468383789,0.7953366666666667,0,696341.5396594724,0,
391,116.08181381225586,0.8098308333333333,0,842110.1430067382,370537.7537364747,
392,89.1072769165039,0.7800916666666667,0,880388.1561416017,0,
393,218.89535522460938,0.9553550000000001,0,600919.8522665526,0,
394,225.12326431274414,0.940825,0,777865.3455990235,665466.3783006351,
395,468.38877868652344,0.7441549999999999,0,654983.0722808592,0,
396,245.1130599975586,0.5095933333333333,0,700820.3986374513,0,
397,324.21678161621094,0.5397616666666667,0,361243.6646895019,0,
398,121.07590675354004,0.7387991666666667,0,415434.3596421873,529628.3815928224,
399,680.4785461425781,0.7953366666666667,0,686181.8016839355,0,
400,138.09133911132812,0.9474166666666667,0,634500.337814355,0,
401,207.1128387451172,0.70213,0,651312.7046028319,492692.7220720215,
402,95.02394104003906,0.9474166666666667,0,521078.80994892586,0,
403,358.36754608154297,0.5380966666666667,0,506807.2486062009,492974.5755854004,
404,108.04432678222656,0.7174133333333333,0,652746.9365567871,0,
405,877.8019714355469,0.7352416666666667,0,463440.46521953127,0,
406,179.11779022216797,0.5746466666666666,0,612328.928368945,0,
407,834.7512512207031,0.5095933333333333,0,478590.9836817382,0,
408,187.19166564941406,0.7174133333333333,0,454718.5623316892,0,
409,442.3522033691406,0.5848183333333333,0,378187.56056538096,0,
410,296.91778564453125,0.9474166666666667,0,539631.0164790523,0,
411,203.18353271484375,0.8852783333333334,0,460576.3579885254,0,
412,146.09235382080078,0.8249841666666666,0,647131.2093494629,423860.1349749024,
413,252.927978515625,0.9047833333333333,0,488918.1544495117,0,
414,182.16525268554688,0.9916416666666666,0,456626.09329790034,0,
415,134.11751556396484,0.5848183333333333,0,712760.3154928222,0,
416,166.09754943847656,0.7174133333333333,0,457816.3466428708,0,
417,184.10800170898438,0.9684666666666666,0,324760.11980268563,0,
418,849.7713928222656,0.7396999999999999,0,403516.0194258789,0,
419,94.9295654296875,0.50068,0,572158.3624255371,0,
420,175.0865936279297,0.7263283333333334,0,503188.70757675765,0,
421,904.8282165527344,0.7352416666666667,0,565317.6974331546,0,
422,304.29966735839844,0.9097558333333333,0,523413.1487545897,353850.3896475583,
423,340.8817443847656,0.943125,0,512854.3975467771,333688.157665918,
424,109.1011734008789,0.7530699999999999,0,258702.98909077162,0,
425,332.2789611816406,0.5051366666666667,0,459202.26700810547,0,
426,220.1081085205078,0.9738133333333334,0,287609.8244430665,0,
427,415.3239440917969,0.6104033333333334,0,639579.9744234374,0,
428,408.3677062988281,0.5848183333333333,0,387458.8633725584,0,
429,354.1844177246094,0.7953366666666667,0,296701.37345419906,0,
430,837.7708740234375,0.633015,0,443371.92931889644,0,
431,117.0545539855957,0.6999016666666666,0,545978.6736046385,351197.35447529325,
432,201.15966033935547,0.9475825,0,403834.9929898436,290026.9779137696,
433,121.10075378417969,0.9916416666666666,0,408765.5755721192,0,
434,203.95552825927734,0.7486116666666667,0,419849.6399297363,0,
435,123.09159851074219,0.5519883333333334,0,513725.5165941406,0,
436,214.14364624023438,0.9335283333333333,0,380564.7012378417,0,
437,117.1385612487793,0.8582416666666667,0,393283.6182979003,0,
438,120.97221183776855,0.7893733333333334,0,394999.7192018554,370581.99187680666,
439,228.12295532226562,0.686785,0,379394.97049873054,0,
440,312.2295837402344,0.7530699999999999,0,305908.37318325206,0,
441,344.2272186279297,0.9614683333333333,0,349568.2443240233,0,
442,183.07652282714844,0.6428166666666667,0,287076.3246460935,0,
443,194.8864288330078,0.941485,0,283962.10708798835,0,
444,216.15933227539062,0.6773283333333333,0,275347.29246723646,0,
445,293.1815490722656,0.7741766666666667,0,319859.9829716799,0,
446,306.24266052246094,0.8423991666666666,0,315458.51516821276,331625.2749077147,
447,590.4238891601562,0.7800916666666667,0,264920.2694873535,0,
448,145.1699676513672,0.7120599999999999,0,317888.83975625003,0,
449,865.7991333007812,0.9120683333333334,0,283773.7431750979,0,
450,237.94610595703125,0.6675266666666667,0,262118.6917024414,0,
451,288.28924560546875,0.5095933333333333,0,193563.70576411128,0,
452,116.0705795288086,0.5086350000000001,0,0,4.342357911308751E7,
453,193.09718322753906,0.5281183333333334,0,0,1.5801412629557822E7,
454,228.19573974609375,0.6152533333333333,0,0,1.3985428556831252E7,
455,88.0756607055664,0.7044133333333333,0,0,9054997.440385932,
456,171.11273193359375,0.742355,0,0,6937570.1310828095,
457,185.09205627441406,0.5130899999999999,0,0,6266352.594598439,
458,233.91468811035156,0.8079216666666666,0,0,5590454.631260548,
459,224.18553161621094,0.9431466666666667,0,0,5350395.95788672,
460,171.1491241455078,0.9289299999999999,0,0,5648252.056603907,
461,208.16236877441406,0.9431466666666667,0,0,5233572.552382814,
462,276.6596374511719,0.9616366666666667,0,0,4181243.369578906,
463,168.94598388671875,0.9555450000000001,0,0,3818501.784920312,
464,130.0862579345703,0.55181,0,0,3977980.9791265624,
465,104.07054901123047,0.9431466666666667,0,0,3679829.8220683583,
466,202.18011474609375,0.9342333333333334,0,0,3734620.669335157,
467,130.15902709960938,0.9705516666666667,0,0,3592479.1927472656,
468,160.07566833496094,0.73344,0,0,3795242.8649265617,
469,157.09713745117188,0.55181,0,0,4009801.075139845,
470,169.09710693359375,0.5438366666666667,0,0,3858927.7938851565,
471,114.10256958007812,0.9386916666666667,0,0,2771422.3917464847,
472,128.07054138183594,0.5281183333333334,0,0,3105451.785056642,
473,133.0858612060547,0.9874516666666667,0,0,2563082.582925782,
474,166.08624267578125,0.8977083333333333,0,0,2309337.945080664,
475,155.0814208984375,0.8471216666666667,0,0,2320842.137594141,
476,101.10731506347656,0.8282716666666666,0,0,2168504.7341667973,
477,172.1331329345703,0.55181,0,0,1987015.760094141,
478,187.10769653320312,0.5281183333333334,0,0,1738217.343200194,
479,156.07672119140625,0.6634583333333333,0,0,1815164.2736355474,
480,158.08116149902344,0.5201583333333333,0,0,1735953.9007443362,
481,132.1324462890625,0.8282716666666666,0,0,1642338.7477107428,
482,279.1589660644531,0.921455,0,0,1310446.7992264652,
483,174.0913848876953,0.5201583333333333,0,0,1239789.8138463867,
484,129.1021728515625,0.7133283333333333,0,0,1397864.6473939454,
485,117.1021957397461,0.5201583333333333,0,0,1081759.7698425783,
486,126.10255432128906,0.7690983333333333,0,0,1218611.7250926758,
487,229.14080810546875,0.9289299999999999,0,0,888819.4002524907,
488,392.2872619628906,0.921455,0,0,1027261.7499611328,
489,250.11839294433594,0.87988,0,0,837983.9435048829,
490,361.2218017578125,0.6634583333333333,0,0,843855.8701615233,
491,303.16314697265625,0.85505,0,0,813675.76486001,
492,185.12844848632812,0.85505,0,0,853631.350473779,
493,408.30804443359375,0.7044133333333333,0,0,884207.062528564,
494,123.05522155761719,0.7468133333333333,0,0,722974.3261219236,
495,173.13966369628906,0.9431466666666667,0,0,768365.6435228518,
496,266.1723937988281,0.588005,0,0,876001.2492776369,
497,242.10202026367188,0.87988,0,0,635007.8750430663,
498,198.14886474609375,0.9476049999999999,0,0,818270.1381816895,
499,97.03963470458984,0.9289299999999999,0,0,839640.4362380859,
500,126.09149932861328,0.6634583333333333,0,0,541837.1956945313,
501,183.14920043945312,0.9386916666666667,0,0,700417.9780979493,
502,98.07125854492188,0.9431466666666667,0,0,723519.5516465332,
503,188.09169006347656,0.8977083333333333,0,0,682078.3286083008,
504,155.1065216064453,0.5086350000000001,0,0,737912.4427137699,
505,251.0465087890625,0.742355,0,0,612279.9834174319,
506,107.9667739868164,0.9705516666666667,0,0,692034.4000356934,
507,224.0916748046875,0.5086350000000001,0,0,726934.906125293,
508,195.185546875,0.535895,0,0,245347.3033123536,
509,186.1124267578125,0.9091349999999999,0,0,626208.5655762695,
510,102.09130859375,0.742355,0,0,540192.3749357911,
511,140.11817932128906,0.87988,0,0,478484.8227258788,
512,321.3150939941406,0.9091349999999999,0,0,443409.1701966308,
513,113.05966186523438,0.8181066666666666,0,0,589382.271669043,
514,142.09750366210938,0.8932516666666667,0,0,571530.9365931642,
515,116.10694885253906,0.9091349999999999,0,0,594598.1198783693,
516,143.0395965576172,0.8977083333333333,0,0,604927.7697038573,
517,221.09194946289062,0.535895,0,0,476474.9758684081,
518,161.07089233398438,0.55181,0,0,498904.9244005369,
519,126.07423400878906,0.596675,0,0,620792.8524553712,
520,191.14292907714844,0.659,0,0,477893.21935068344,
521,162.09124755859375,0.6954999999999999,0,0,518992.7142113283,
522,87.04402160644531,0.9431466666666667,0,0,417172.87357084965,
523,172.1695098876953,0.596675,0,0,461806.4630454102,
524,123.96437072753906,0.9660933333333334,0,0,471767.2419526368,
525,299.6624755859375,0.8754216666666667,0,0,278553.29564101534,
526,230.24781799316406,0.588005,0,0,338029.90025307605,
527,206.0812530517578,0.55181,0,0,408141.4262415525,
528,127.09770202636719,0.9431466666666667,0,0,249955.53492636705,
529,215.07901000976562,0.6367166666666667,0,0,450566.1314520509,
530,438.21014404296875,0.6545433333333333,0,0,302011.3409485353,
531,101.09603881835938,0.5698983333333333,0,0,375563.6915124997,
532,167.10665893554688,0.9705516666666667,0,0,318176.94343969744,
533,820.7363891601562,0.6367166666666667,0,0,297858.2635768555,
534,810.7512817382812,0.5438366666666667,0,0,355390.59514599625,
535,136.07569885253906,0.55181,0,0,475339.2610206056,
536,283.1748352050781,0.7468133333333333,0,0,321269.9158473634,
537,187.1264190673828,0.9342333333333334,0,0,446017.1408421388,
538,289.0913391113281,0.7468133333333333,0,0,382775.33934814413,
539,156.11314392089844,0.9476049999999999,0,0,383205.0247364745,
540,311.1254577636719,0.87988,0,0,259991.20198281255,
541,227.1276397705078,0.9476049999999999,0,0,324876.2239390624,
542,150.05499267578125,0.9144966666666666,0,0,275101.2780537109,
543,195.16041564941406,0.6367166666666667,0,0,304686.57181528315,
544,366.30010986328125,0.6456283333333332,0,0,278279.3416092285,
545,212.20077514648438,0.9342333333333334,0,0,242025.5855949708,
546,178.0862274169922,0.8887933333333333,0,0,430597.9785697266,
547,230.17501831054688,0.55181,0,0,380064.8510482423,
548,227.13894653320312,0.9616366666666667,0,0,304120.0553250485,
549,140.08168029785156,0.7840683333333334,0,0,233582.5218553222,
550,119.0604019165039,0.55181,0,0,287382.68633159186,
551,482.4044494628906,0.6367166666666667,0,0,410773.8518884277,
552,161.1072540283203,0.9431466666666667,0,0,355529.7131731933,
553,163.1479949951172,0.9342333333333334,0,0,272941.3511965819,
554,295.2261047363281,0.8932516666666667,0,0,227495.6690892578,
555,169.12213134765625,0.8977083333333333,0,0,236568.81194780275,
556,376.31842041015625,0.9476049999999999,0,0,255875.82290537134,
557,148.0868377685547,0.7044133333333333,0,0,287149.95681176754,
558,240.15904235839844,0.8932516666666667,0,0,214082.66276030266,
559,208.1807403564453,0.717785,0,0,318422.4222745118,
